-- phpMyAdmin SQL Dump
-- version 5.2.2
-- https://www.phpmyadmin.net/
--
-- Host: localhost:3306
-- Generation Time: Sep 11, 2025 at 05:36 PM
-- Server version: 5.7.25
-- PHP Version: 7.4.13

SET SQL_MODE = "NO_AUTO_VALUE_ON_ZERO";
START TRANSACTION;
SET time_zone = "+00:00";


/*!40101 SET @OLD_CHARACTER_SET_CLIENT=@@CHARACTER_SET_CLIENT */;
/*!40101 SET @OLD_CHARACTER_SET_RESULTS=@@CHARACTER_SET_RESULTS */;
/*!40101 SET @OLD_COLLATION_CONNECTION=@@COLLATION_CONNECTION */;
/*!40101 SET NAMES utf8mb4 */;

--
-- Database: `skripsi_spk_serehwangi`
--

-- --------------------------------------------------------

--
-- Table structure for table `tb_alternatif`
--

CREATE TABLE `tb_alternatif` (
  `id_alternatif` int(11) NOT NULL,
  `nama` text NOT NULL,
  `gambar` text NOT NULL
) ENGINE=InnoDB DEFAULT CHARSET=latin1;

--
-- Dumping data for table `tb_alternatif`
--

INSERT INTO `tb_alternatif` (`id_alternatif`, `nama`, `gambar`) VALUES
(1, 'OMG peach glowing serum', 'gambar_20250809_142909_c0a2fa.jpeg'),
(2, 'Azarine Marvel Calming Skinpair Serum', 'gambar_20250815_224129_82ddef.jpg'),
(3, 'Nuface serum brightening & supple', 'gambar_20250809_142958_ff09f8.jpeg'),
(4, 'The Originote Serum Hyalu-C', 'gambar_20250809_143040_c3aa5f.jpeg'),
(5, 'Hanasui serum vitamin C collagen', 'gambar_20250809_143111_371db1.jpeg'),
(6, 'Hanasui power acne serum', 'gambar_20250809_143129_61e76a.jpeg'),
(7, 'Skintific 4D Hyaluronic Acid Hydra Serum', 'gambar_20250809_143152_30eabd.jpeg'),
(8, 'Scarlett Hyalu B5 + Reishi Mushroom & Bifida Serum', 'gambar_20250809_143208_add418.jpeg'),
(9, 'Azarine marvel acne spot serum', 'gambar_20250809_143225_23eae8.jpeg'),
(10, 'You AcnePlus Complete Solution Serum', 'gambar_20250809_143240_bbd739.jpeg'),
(13, 'Emina Bright Stuff Face Serum', 'gambar_20250822_231227_0e135b.jpeg'),
(14, 'Implora Acne Face Serum', 'gambar_20250822_231313_17eb93.png'),
(15, 'Azarine Niacinamide 10% Marvel Serum ', 'gambar_20250822_231727_b040a8.png'),
(16, 'Glad2Glow Serum Centella Acne', 'gambar_20250822_231802_d02ddd.jpg'),
(17, 'Pigeon Teens Bright Heroes Serum', 'gambar_20250822_231831_e328c9.png'),
(18, 'The Originote Acne B5 Serum', 'gambar_20250822_231917_effe43.jpg'),
(19, 'Viva Glowing White Serum', 'gambar_20250822_232239_1bc6ce.png'),
(20, 'Skintific 2% Salicylic Acid Anti Acne Serum', 'gambar_20250822_232320_bd78c2.jpg'),
(21, 'Skintific  5x Ceramide Skin Barrier Serum', 'gambar_20250822_232356_76ecdb.jpg'),
(22, 'Nuface Nuglow Normal Hydra Lock & Youthful Skin Serum', 'gambar_20250822_232443_ba2e15.png');

-- --------------------------------------------------------

--
-- Table structure for table `tb_evaluasi`
--

CREATE TABLE `tb_evaluasi` (
  `id_evaluasi` int(11) NOT NULL,
  `id_jenis_kulit` int(11) NOT NULL,
  `id_alternatif` int(11) NOT NULL,
  `id_kriteria` int(11) NOT NULL,
  `nilai` decimal(5,2) NOT NULL
) ENGINE=InnoDB DEFAULT CHARSET=latin1;

--
-- Dumping data for table `tb_evaluasi`
--

INSERT INTO `tb_evaluasi` (`id_evaluasi`, `id_jenis_kulit`, `id_alternatif`, `id_kriteria`, `nilai`) VALUES
(1, 1, 1, 1, 2.00),
(2, 1, 1, 2, 1.00),
(3, 1, 1, 3, 3.00),
(4, 1, 1, 4, 1.00),
(5, 1, 2, 1, 1.00),
(6, 1, 2, 2, 2.00),
(7, 1, 2, 3, 3.00),
(8, 1, 2, 4, 1.00),
(9, 1, 3, 1, 4.00),
(10, 1, 3, 2, 1.00),
(11, 1, 3, 3, 3.00),
(12, 1, 3, 4, 1.00),
(13, 1, 4, 1, 3.00),
(14, 1, 4, 2, 1.00),
(15, 1, 4, 3, 3.00),
(16, 1, 4, 4, 3.00),
(17, 1, 5, 1, 4.00),
(18, 1, 5, 2, 1.00),
(19, 1, 5, 3, 2.00),
(20, 1, 5, 4, 3.00),
(21, 1, 6, 1, 2.00),
(22, 1, 6, 2, 1.00),
(23, 1, 6, 3, 2.00),
(24, 1, 6, 4, 2.00),
(25, 1, 7, 1, 4.00),
(26, 1, 7, 2, 3.00),
(27, 1, 7, 3, 3.00),
(28, 1, 7, 4, 2.00),
(29, 1, 8, 1, 4.00),
(30, 1, 8, 2, 2.00),
(31, 1, 8, 3, 2.00),
(32, 1, 8, 4, 1.00),
(33, 1, 9, 1, 1.00),
(34, 1, 9, 2, 1.00),
(35, 1, 9, 3, 2.00),
(36, 1, 9, 4, 1.00),
(37, 1, 10, 1, 2.00),
(38, 1, 10, 2, 2.00),
(39, 1, 10, 3, 2.00),
(40, 1, 10, 4, 1.00),
(41, 2, 1, 1, 2.00),
(42, 2, 1, 2, 1.00),
(43, 2, 1, 3, 3.00),
(44, 2, 1, 4, 1.00),
(45, 2, 2, 1, 1.00),
(46, 2, 2, 2, 2.00),
(47, 2, 2, 3, 3.00),
(48, 2, 2, 4, 1.00),
(49, 2, 3, 1, 4.00),
(50, 2, 3, 2, 1.00),
(51, 2, 3, 3, 3.00),
(52, 2, 3, 4, 1.00),
(53, 2, 4, 1, 3.00),
(54, 2, 4, 2, 1.00),
(55, 2, 4, 3, 3.00),
(56, 2, 4, 4, 3.00),
(57, 2, 5, 1, 3.00),
(58, 2, 5, 2, 1.00),
(59, 2, 5, 3, 2.00),
(60, 2, 5, 4, 3.00),
(61, 2, 6, 1, 1.00),
(62, 2, 6, 2, 1.00),
(63, 2, 6, 3, 2.00),
(64, 2, 6, 4, 2.00),
(65, 2, 7, 1, 4.00),
(66, 2, 7, 2, 3.00),
(67, 2, 7, 3, 3.00),
(68, 2, 7, 4, 2.00),
(69, 2, 8, 1, 3.00),
(70, 2, 8, 2, 2.00),
(71, 2, 8, 3, 2.00),
(72, 2, 8, 4, 1.00),
(73, 2, 9, 1, 1.00),
(74, 2, 9, 2, 1.00),
(75, 2, 9, 3, 2.00),
(76, 2, 9, 4, 2.00),
(77, 2, 10, 1, 1.00),
(78, 2, 10, 2, 2.00),
(79, 2, 10, 3, 2.00),
(80, 2, 10, 4, 1.00),
(81, 3, 1, 1, 2.00),
(82, 3, 1, 2, 1.00),
(83, 3, 1, 3, 3.00),
(84, 3, 1, 4, 1.00),
(85, 3, 2, 1, 2.00),
(86, 3, 2, 2, 2.00),
(87, 3, 2, 3, 3.00),
(88, 3, 2, 4, 1.00),
(89, 3, 3, 1, 3.00),
(90, 3, 3, 2, 1.00),
(91, 3, 3, 3, 3.00),
(92, 3, 3, 4, 1.00),
(93, 3, 4, 1, 2.00),
(94, 3, 4, 2, 1.00),
(95, 3, 4, 3, 3.00),
(96, 3, 4, 4, 3.00),
(97, 3, 5, 1, 2.00),
(98, 3, 5, 2, 1.00),
(99, 3, 5, 3, 2.00),
(100, 3, 5, 4, 3.00),
(101, 3, 6, 1, 4.00),
(102, 3, 6, 2, 1.00),
(103, 3, 6, 3, 2.00),
(104, 3, 6, 4, 2.00),
(105, 3, 7, 1, 1.00),
(106, 3, 7, 2, 3.00),
(107, 3, 7, 3, 3.00),
(108, 3, 7, 4, 2.00),
(109, 3, 8, 1, 2.00),
(110, 3, 8, 2, 2.00),
(111, 3, 8, 3, 2.00),
(112, 3, 8, 4, 1.00),
(113, 3, 9, 1, 4.00),
(114, 3, 9, 2, 1.00),
(115, 3, 9, 3, 2.00),
(116, 3, 9, 4, 1.00),
(117, 3, 10, 1, 4.00),
(118, 3, 10, 2, 2.00),
(119, 3, 10, 3, 2.00),
(120, 3, 10, 4, 1.00),
(121, 4, 1, 1, 2.00),
(122, 4, 1, 2, 1.00),
(123, 4, 1, 3, 3.00),
(124, 4, 1, 4, 1.00),
(125, 4, 2, 1, 1.00),
(126, 4, 2, 2, 2.00),
(127, 4, 2, 3, 3.00),
(128, 4, 2, 4, 1.00),
(129, 4, 3, 1, 3.00),
(130, 4, 3, 2, 1.00),
(131, 4, 3, 3, 3.00),
(132, 4, 3, 4, 1.00),
(133, 4, 4, 1, 3.00),
(134, 4, 4, 2, 1.00),
(135, 4, 4, 3, 3.00),
(136, 4, 4, 4, 3.00),
(137, 4, 5, 1, 4.00),
(138, 4, 5, 2, 1.00),
(139, 4, 5, 3, 2.00),
(140, 4, 5, 4, 3.00),
(141, 4, 6, 1, 2.00),
(142, 4, 6, 2, 1.00),
(143, 4, 6, 3, 2.00),
(144, 4, 6, 4, 2.00),
(145, 4, 7, 1, 4.00),
(146, 4, 7, 2, 3.00),
(147, 4, 7, 3, 3.00),
(148, 4, 7, 4, 2.00),
(149, 4, 8, 1, 4.00),
(150, 4, 8, 2, 2.00),
(151, 4, 8, 3, 2.00),
(152, 4, 8, 4, 1.00),
(153, 4, 9, 1, 2.00),
(154, 4, 9, 2, 1.00),
(155, 4, 9, 3, 2.00),
(156, 4, 9, 4, 1.00),
(157, 4, 10, 1, 2.00),
(158, 4, 10, 2, 2.00),
(159, 4, 10, 3, 2.00),
(160, 4, 10, 4, 1.00),
(161, 5, 1, 1, 1.00),
(162, 5, 1, 2, 1.00),
(163, 5, 1, 3, 3.00),
(164, 5, 1, 4, 1.00),
(165, 5, 2, 1, 4.00),
(166, 5, 2, 2, 2.00),
(167, 5, 2, 3, 3.00),
(168, 5, 2, 4, 1.00),
(169, 5, 3, 1, 3.00),
(170, 5, 3, 2, 1.00),
(171, 5, 3, 3, 3.00),
(172, 5, 3, 4, 1.00),
(173, 5, 4, 1, 2.00),
(174, 5, 4, 2, 1.00),
(175, 5, 4, 3, 3.00),
(176, 5, 4, 4, 3.00),
(177, 5, 5, 1, 1.00),
(178, 5, 5, 2, 1.00),
(179, 5, 5, 3, 2.00),
(180, 5, 5, 4, 3.00),
(181, 5, 6, 1, 2.00),
(182, 5, 6, 2, 1.00),
(183, 5, 6, 3, 2.00),
(184, 5, 6, 4, 2.00),
(185, 5, 7, 1, 2.00),
(186, 5, 7, 2, 3.00),
(187, 5, 7, 3, 3.00),
(188, 5, 7, 4, 2.00),
(189, 5, 8, 1, 3.00),
(190, 5, 8, 2, 2.00),
(191, 5, 8, 3, 2.00),
(192, 5, 8, 4, 1.00),
(193, 5, 9, 1, 3.00),
(194, 5, 9, 2, 1.00),
(195, 5, 9, 3, 2.00),
(196, 5, 9, 4, 1.00),
(197, 5, 10, 1, 2.00),
(198, 5, 10, 2, 2.00),
(199, 5, 10, 3, 2.00),
(200, 5, 10, 4, 1.00),
(201, 1, 13, 1, 3.00),
(202, 1, 13, 2, 2.00),
(203, 1, 13, 3, 2.00),
(204, 1, 13, 4, 3.00),
(205, 1, 14, 1, 3.00),
(206, 1, 14, 2, 1.00),
(207, 1, 14, 3, 2.00),
(208, 1, 14, 4, 3.00),
(209, 1, 15, 1, 3.00),
(210, 1, 15, 2, 2.00),
(211, 1, 15, 3, 1.00),
(212, 1, 15, 4, 1.00),
(213, 1, 16, 1, 3.00),
(214, 1, 16, 2, 1.00),
(215, 1, 16, 3, 2.00),
(216, 1, 16, 4, 3.00),
(217, 1, 17, 1, 3.00),
(218, 1, 17, 2, 1.00),
(219, 1, 17, 3, 3.00),
(220, 1, 17, 4, 1.00),
(221, 1, 18, 1, 3.00),
(222, 1, 18, 2, 1.00),
(223, 1, 18, 3, 2.00),
(224, 1, 18, 4, 3.00),
(225, 1, 19, 1, 3.00),
(226, 1, 19, 2, 1.00),
(227, 1, 19, 3, 3.00),
(228, 1, 19, 4, 1.00),
(229, 1, 20, 1, 3.00),
(230, 1, 20, 2, 3.00),
(231, 1, 20, 3, 3.00),
(232, 1, 20, 4, 1.00),
(233, 1, 21, 1, 3.00),
(234, 1, 21, 2, 3.00),
(235, 1, 21, 3, 3.00),
(236, 1, 21, 4, 1.00),
(237, 1, 22, 1, 3.00),
(238, 1, 22, 2, 1.00),
(239, 1, 22, 3, 2.00),
(240, 1, 22, 4, 1.00),
(241, 2, 13, 1, 3.00),
(242, 2, 13, 2, 2.00),
(243, 2, 13, 3, 2.00),
(244, 2, 13, 4, 3.00),
(245, 2, 14, 1, 2.00),
(246, 2, 14, 2, 1.00),
(247, 2, 14, 3, 2.00),
(248, 2, 14, 4, 3.00),
(249, 2, 15, 1, 3.00),
(250, 2, 15, 2, 2.00),
(251, 2, 15, 3, 1.00),
(252, 2, 15, 4, 1.00),
(253, 2, 16, 1, 2.00),
(254, 2, 16, 2, 1.00),
(255, 2, 16, 3, 2.00),
(256, 2, 16, 4, 3.00),
(257, 2, 17, 1, 2.00),
(258, 2, 17, 2, 1.00),
(259, 2, 17, 3, 3.00),
(260, 2, 17, 4, 1.00),
(261, 2, 18, 1, 2.00),
(262, 2, 18, 2, 1.00),
(263, 2, 18, 3, 2.00),
(264, 2, 18, 4, 3.00),
(265, 2, 19, 1, 3.00),
(266, 2, 19, 2, 1.00),
(267, 2, 19, 3, 3.00),
(268, 2, 19, 4, 1.00),
(269, 2, 20, 1, 1.00),
(270, 2, 20, 2, 3.00),
(271, 2, 20, 3, 3.00),
(272, 2, 20, 4, 1.00),
(273, 2, 21, 1, 3.00),
(274, 2, 21, 2, 3.00),
(275, 2, 21, 3, 3.00),
(276, 2, 21, 4, 1.00),
(277, 2, 22, 1, 3.00),
(278, 2, 22, 2, 1.00),
(279, 2, 22, 3, 2.00),
(280, 2, 22, 4, 1.00),
(281, 3, 13, 1, 2.00),
(282, 3, 13, 2, 2.00),
(283, 3, 13, 3, 2.00),
(284, 3, 13, 4, 3.00),
(285, 3, 14, 1, 3.00),
(286, 3, 14, 2, 1.00),
(287, 3, 14, 3, 2.00),
(288, 3, 14, 4, 3.00),
(289, 3, 9, 1, 4.00),
(290, 3, 9, 2, 1.00),
(291, 3, 9, 3, 2.00),
(292, 3, 9, 4, 1.00),
(293, 3, 16, 1, 3.00),
(294, 3, 16, 2, 1.00),
(295, 3, 16, 3, 2.00),
(296, 3, 16, 4, 3.00),
(297, 3, 17, 1, 2.00),
(298, 3, 17, 2, 1.00),
(299, 3, 17, 3, 3.00),
(300, 3, 17, 4, 1.00),
(301, 3, 18, 1, 3.00),
(302, 3, 18, 2, 1.00),
(303, 3, 18, 3, 2.00),
(304, 3, 18, 4, 3.00),
(305, 3, 19, 1, 2.00),
(306, 3, 19, 2, 1.00),
(307, 3, 19, 3, 3.00),
(308, 3, 19, 4, 1.00),
(309, 3, 20, 1, 3.00),
(310, 3, 20, 2, 3.00),
(311, 3, 20, 3, 3.00),
(312, 3, 20, 4, 1.00),
(313, 3, 21, 1, 1.00),
(314, 3, 21, 2, 3.00),
(315, 3, 21, 3, 3.00),
(316, 3, 21, 4, 1.00),
(317, 3, 22, 1, 1.00),
(318, 3, 22, 2, 1.00),
(319, 3, 22, 3, 2.00),
(320, 3, 22, 4, 1.00),
(321, 3, 15, 1, 2.00),
(322, 3, 15, 2, 2.00),
(323, 3, 15, 3, 1.00),
(324, 3, 15, 4, 1.00),
(325, 4, 13, 1, 3.00),
(326, 4, 13, 2, 2.00),
(327, 4, 13, 3, 2.00),
(328, 4, 13, 4, 3.00),
(329, 4, 14, 1, 3.00),
(330, 4, 14, 2, 1.00),
(331, 4, 14, 3, 2.00),
(332, 4, 14, 4, 3.00),
(333, 4, 15, 1, 3.00),
(334, 4, 15, 2, 2.00),
(335, 4, 15, 3, 1.00),
(336, 4, 15, 4, 1.00),
(337, 4, 16, 1, 3.00),
(338, 4, 16, 2, 1.00),
(339, 4, 16, 3, 2.00),
(340, 4, 16, 4, 3.00),
(341, 4, 17, 1, 3.00),
(342, 4, 17, 2, 1.00),
(343, 4, 17, 3, 3.00),
(344, 4, 17, 4, 1.00),
(345, 4, 18, 1, 3.00),
(346, 4, 18, 2, 1.00),
(347, 4, 18, 3, 2.00),
(348, 4, 18, 4, 3.00),
(349, 4, 19, 1, 3.00),
(350, 4, 19, 2, 1.00),
(351, 4, 19, 3, 3.00),
(352, 4, 19, 4, 1.00),
(353, 4, 20, 1, 3.00),
(354, 4, 20, 2, 3.00),
(355, 4, 20, 3, 3.00),
(356, 4, 20, 4, 1.00),
(357, 4, 21, 1, 2.00),
(358, 4, 21, 2, 3.00),
(359, 4, 21, 3, 3.00),
(360, 4, 21, 4, 1.00),
(361, 4, 22, 1, 3.00),
(362, 4, 22, 2, 1.00),
(363, 4, 22, 3, 2.00),
(364, 4, 22, 4, 1.00),
(365, 5, 13, 1, 1.00),
(366, 5, 13, 2, 2.00),
(367, 5, 13, 3, 2.00),
(368, 5, 13, 4, 3.00),
(369, 5, 14, 1, 3.00),
(370, 5, 14, 2, 1.00),
(371, 5, 14, 3, 2.00),
(372, 5, 14, 4, 3.00),
(373, 5, 15, 1, 2.00),
(374, 5, 15, 2, 2.00),
(375, 5, 15, 3, 1.00),
(376, 5, 15, 4, 1.00),
(377, 5, 16, 1, 2.00),
(378, 5, 16, 2, 1.00),
(379, 5, 16, 3, 2.00),
(380, 5, 16, 4, 3.00),
(381, 5, 19, 1, 2.00),
(382, 5, 19, 2, 1.00),
(383, 5, 19, 3, 3.00),
(384, 5, 19, 4, 1.00),
(385, 5, 20, 1, 1.00),
(386, 5, 20, 2, 3.00),
(387, 5, 20, 3, 3.00),
(388, 5, 20, 4, 1.00),
(389, 5, 21, 1, 3.00),
(390, 5, 21, 2, 3.00),
(391, 5, 21, 3, 3.00),
(392, 5, 21, 4, 1.00),
(393, 5, 22, 1, 3.00),
(394, 5, 22, 2, 1.00),
(395, 5, 22, 3, 2.00),
(396, 5, 22, 4, 1.00),
(397, 5, 17, 1, 2.00),
(398, 5, 17, 2, 1.00),
(399, 5, 17, 3, 3.00),
(400, 5, 17, 4, 1.00),
(401, 5, 18, 1, 2.00),
(402, 5, 18, 2, 1.00),
(403, 5, 18, 3, 2.00),
(404, 5, 18, 4, 3.00);

-- --------------------------------------------------------

--
-- Table structure for table `tb_jenis_kulit`
--

CREATE TABLE `tb_jenis_kulit` (
  `id_jenis_kulit` int(11) NOT NULL,
  `nama` varchar(50) NOT NULL,
  `deskripsi` text NOT NULL,
  `gambar` text NOT NULL
) ENGINE=InnoDB DEFAULT CHARSET=utf8mb4;

--
-- Dumping data for table `tb_jenis_kulit`
--

INSERT INTO `tb_jenis_kulit` (`id_jenis_kulit`, `nama`, `deskripsi`, `gambar`) VALUES
(1, 'Normal', 'Kulit normal merupakan kulit yang memiliki kadar minyak wajah dan kadar air pada wajah yang cukup. Kulit normal memiliki pori-pori kecil disepanjang T-Zone (dahi, hidung, dan dagu) sehingga orang yang memiliki jenis kulit wajah ini cenderung jarang mengalami permasalahan terhadap kulit wajah dan jerawat. Perawatan untuk jenis kulit wajah ini biasanya hanya berfokus pada kebersihan wajah, menjaha kulit tetap terhidrasi dan perlindungan terhadap paparan sinar matahari. Ciri-ciri kulit normal adalah kulit lembut, lembab, segar dan bercahaya, halus, serta tidak terlihat minyak yang berlebihan juga tidak terlihat kering.', 'gambar_20250809_143307_3c181d.jpeg'),
(2, 'Kering', 'Kulit kering merupakan kulit yang memiliki sedikit kandungan air sehingga kulit terasa kencang seperti ditarik, gatal, dan dibeberapa bagian tertentu terdapat kulit yang mengelupas. Orang yang memiliki jenis kulit kering memiliki pori-pori yang kecil dan jarang timbul jerawat, namun rentan terdapat garis-garis halus dan kerutan wajah sehingga berpotensi mengalami penuaan dini. Perawatan untuk jenis kulit wajah ini adalah dianjurkan untuk menggunakan produk wajah yang berbahan dasar minyak seperti emolien untuk skin barrier dan produk yang mengandung humektan untuk menjada kulit tetap terhidrasi dan lebih sehat. Ciri dari kulit kering adalah kulit terasa kaku seperti tertarik setelah mencuci muka dan akan mereda setelah dilapisi dengan krim pelembab.', 'gambar_20250809_143323_e7545e.jpeg'),
(3, 'Berminyak', 'Kulit berminyak Merupakan kulit yang mempunyai kadar minyak di permukaan kulit yang berlebihan. Keuntungan dari jenis kulit berminyak adalah orang yang memiliki jenis kulit ini cenderung awet muda, namun kulit wajah yang berminyak rentan mengalami timbulnya jerawat dan komedo karena orang yang memiliki kulit berminyak biasanya memiliki pori-pori wajah yang besar. Perawatan untuk jenis kulit wajah ini adalah selalu menjaga kebersihan kulit wajah untuk menghindari penyumbatan pori-pori wajah oleh sebum.', 'gambar_20250809_143337_d38d40.jpeg'),
(4, 'Kombinasi', 'Kulit kombinasi terjadi jika kadar minyak di wajah tidak merata. Pada area T-Zone (dahi, hidung, dan dagu) memiliki kadar minyak berlebih, sedangkan daerah wajah lainnya memiliki kadar air yang kurang (kering). Karena itu perawatan kulit kombinasi memerlukan perhatian khusus. Perawatan untuk jenis wajah kombinasi yang paling utama adalah jangan takut untuk menggunakan perawatan yang ditargetkan untuk area berbeda dari wajah. Produk yang mengandung BHA cocok digunakan pada kulit berminyak di area T-Zone sebagai exfoliator, sedangkan untuk bagian wajah yang cenderung kering menggunakan pelembab yang berjenis gel dan berminyak sangat dianjurkan untuk menjaga kulit wajah tetap lembab.', 'gambar_20250809_143355_f68960.jpeg'),
(5, 'Sensitif', 'Kulit sensitif adalah jenis kulit yang mudah mengalami iritasi seperti kemerahan, gatal, perih, atau terasa panas akibat paparan bahan kimia tertentu, perubahan cuaca, polusi, maupun produk skincare yang tidak cocok. Kondisi ini umumnya disebabkan oleh lapisan pelindung kulit (skin barrier) yang lemah, sehingga kulit rentan terhadap gangguan dari luar. Pemilik kulit sensitif disarankan untuk menggunakan produk yang bersifat lembut, bebas alkohol, pewangi, serta mengandung bahan yang menenangkan seperti aloe vera atau centella asiatica guna menjaga kulit tetap stabil dan terhindar dari reaksi negatif.', 'gambar_20250809_143413_68e3d6.jpeg');

-- --------------------------------------------------------

--
-- Table structure for table `tb_kriteria`
--

CREATE TABLE `tb_kriteria` (
  `id_kriteria` int(11) NOT NULL,
  `nama` varchar(50) DEFAULT NULL,
  `bobot` float DEFAULT NULL,
  `tipe` enum('benefit','cost') DEFAULT NULL
) ENGINE=InnoDB DEFAULT CHARSET=latin1;

--
-- Dumping data for table `tb_kriteria`
--

INSERT INTO `tb_kriteria` (`id_kriteria`, `nama`, `bobot`, `tipe`) VALUES
(1, 'kandungan Produk', 50, 'benefit'),
(2, 'Harga Produk', 25, 'cost'),
(3, 'Rating Produk', 15, 'benefit'),
(4, 'Jumlah Penjualan', 10, 'benefit');

-- --------------------------------------------------------

--
-- Table structure for table `tb_kriteria_sub`
--

CREATE TABLE `tb_kriteria_sub` (
  `id_kriteria_sub` int(11) NOT NULL,
  `id_kriteria` int(11) DEFAULT NULL,
  `nama` varchar(50) DEFAULT NULL,
  `nilai` decimal(5,2) DEFAULT NULL
) ENGINE=InnoDB DEFAULT CHARSET=latin1;

--
-- Dumping data for table `tb_kriteria_sub`
--

INSERT INTO `tb_kriteria_sub` (`id_kriteria_sub`, `id_kriteria`, `nama`, `nilai`) VALUES
(1, 1, 'Terdapat > 2 kandungan yang sesuai jenis kulit', 4.00),
(2, 1, 'Terdapat 2 kandungan yang sesuai jenis kulit', 3.00),
(3, 1, 'Terdapat 1 kandungan yang sesuai jenis kulit', 2.00),
(4, 1, 'Tidak terdapat kandungan yang sesuai jenis kulit', 1.00),
(5, 2, '> Rp. 100.000 (Mahal)', 3.00),
(6, 2, 'Rp. 50.000-Rp. 100.000 (Sedang)', 2.00),
(7, 2, '< Rp. 50.000 (Murah)', 1.00),
(8, 3, '5,0 (Sangat baik)', 3.00),
(9, 3, '4,5-4,9 (Baik)', 2.00),
(10, 3, '< 4,5 (Cukup baik)', 1.00),
(11, 4, '> 100 terjual (Penjualan tinggi)', 3.00),
(12, 4, '50-100 terjual (Penjualan sedang)', 2.00),
(13, 4, '< 50 terjual (Penjualan rendah)', 1.00);

-- --------------------------------------------------------

--
-- Table structure for table `tb_member`
--

CREATE TABLE `tb_member` (
  `id_member` int(11) NOT NULL,
  `id_users` int(11) NOT NULL,
  `tgl_lahir` date DEFAULT NULL,
  `tmp_lahir` varchar(50) DEFAULT NULL,
  `kelamin` enum('L','P') DEFAULT NULL,
  `telepon` varchar(13) DEFAULT NULL,
  `alamat` text
) ENGINE=InnoDB DEFAULT CHARSET=latin1;

--
-- Dumping data for table `tb_member`
--

INSERT INTO `tb_member` (`id_member`, `id_users`, `tgl_lahir`, `tmp_lahir`, `kelamin`, `telepon`, `alamat`) VALUES
(1, 72880042, '2003-04-04', 'Bulukumba', NULL, '085894529240', 'Perm. green nurhidayat bontomajannang E/9, Desa Bontoala, Kec. pallangga, kab. Gowa'),
(2, 52258953, '2003-04-13', 'Bulukumba ', NULL, '085756157932', 'Bulukumba '),
(3, 16119534, '2003-08-22', 'Palopo', NULL, '085398710867', 'Perumahan Zarindah Permai'),
(4, 83785815, '2007-07-09', 'Palopo', NULL, '085394286554', 'Perumahan zarindaj'),
(5, 29647266, '2003-10-24', 'Makassar', NULL, '0895611397755', 'Jl. Andi Djemma');

-- --------------------------------------------------------

--
-- Table structure for table `tb_riwayat`
--

CREATE TABLE `tb_riwayat` (
  `id_riwayat` int(11) NOT NULL,
  `id_member` int(11) NOT NULL,
  `id_jenis_kulit` int(11) NOT NULL,
  `hasil` longtext CHARACTER SET utf8mb4 COLLATE utf8mb4_bin,
  `tgl` date DEFAULT NULL
) ENGINE=InnoDB DEFAULT CHARSET=latin1;

--
-- Dumping data for table `tb_riwayat`
--

INSERT INTO `tb_riwayat` (`id_riwayat`, `id_member`, `id_jenis_kulit`, `hasil`, `tgl`) VALUES
(1, 1, 3, '{\"6\":0.88235294117647067313470188310020603239536285400390625,\"9\":0.76470588235294123524710130368475802242755889892578125,\"10\":0.73529411764705887577520115883089601993560791015625,\"3\":0.6862745098039215729812667632359080016613006591796875,\"4\":0.607843137254902021737734685302712023258209228515625,\"1\":0.4901960784313725838501341058872640132904052734375,\"5\":0.4901960784313725838501341058872640132904052734375,\"2\":0.40196078431372550543443367132567800581455230712890625,\"8\":0.28431372549019606754683309191022999584674835205078125,\"7\":0.235294117647058820264049927573068998754024505615234375}', '2025-08-09'),
(2, 1, 1, '{\"3\":0.294117647058823539207850217280793003737926483154296875,\"5\":0.294117647058823539207850217280793003737926483154296875,\"7\":0.235294117647058820264049927573068998754024505615234375,\"8\":0.08823529411764706453791262674712925218045711517333984375}', '2025-08-09'),
(3, 1, 1, '{\"3\":0.88235294117647067313470188310020603239536285400390625,\"5\":0.88235294117647067313470188310020603239536285400390625,\"7\":0.82352941176470595419090159339248202741146087646484375,\"4\":0.8039215686274510108688673426513560116291046142578125,\"8\":0.6764705882352941568314008691231720149517059326171875,\"1\":0.4901960784313725838501341058872640132904052734375,\"6\":0.4901960784313725838501341058872640132904052734375,\"10\":0.34313725490196078649063338161795400083065032958984375,\"2\":0.205882352941176460792149782719206996262073516845703125,\"9\":0.1764705882352941290758252534942585043609142303466796875}', '2025-08-11'),
(4, 1, 3, '{\"6\":0.88235294117647067313470188310020603239536285400390625,\"9\":0.76470588235294123524710130368475802242755889892578125,\"10\":0.73529411764705887577520115883089601993560791015625,\"3\":0.6862745098039215729812667632359080016613006591796875,\"4\":0.607843137254902021737734685302712023258209228515625,\"1\":0.4901960784313725838501341058872640132904052734375,\"5\":0.4901960784313725838501341058872640132904052734375,\"2\":0.40196078431372550543443367132567800581455230712890625,\"8\":0.28431372549019606754683309191022999584674835205078125,\"7\":0.235294117647058820264049927573068998754024505615234375}', '2025-08-11'),
(5, 1, 3, '{\"6\":0.88235294117647067313470188310020603239536285400390625,\"9\":0.76470588235294123524710130368475802242755889892578125,\"10\":0.64705882352941179735950072426931001245975494384765625,\"3\":0.58823529411764707841570043456158600747585296630859375,\"4\":0.41176470588235292158429956543841399252414703369140625,\"1\":0.294117647058823539207850217280793003737926483154296875,\"5\":0.294117647058823539207850217280793003737926483154296875,\"2\":0.1176470588235294101320249637865344993770122528076171875,\"8\":0}', '2025-08-11'),
(6, 1, 3, '{\"6\":0.88235294117647067313470188310020603239536285400390625,\"9\":0.76470588235294123524710130368475802242755889892578125,\"10\":0.73529411764705887577520115883089601993560791015625,\"3\":0.6862745098039215729812667632359080016613006591796875,\"4\":0.607843137254902021737734685302712023258209228515625,\"1\":0.4901960784313725838501341058872640132904052734375,\"5\":0.4901960784313725838501341058872640132904052734375,\"2\":0.40196078431372550543443367132567800581455230712890625,\"8\":0.28431372549019606754683309191022999584674835205078125,\"7\":0.235294117647058820264049927573068998754024505615234375}', '2025-08-11'),
(7, 1, 3, '{\"6\":0.70588235294117651630330101397703401744365692138671875,\"9\":0.58823529411764707841570043456158600747585296630859375,\"3\":0.41176470588235292158429956543841399252414703369140625,\"4\":0.235294117647058820264049927573068998754024505615234375,\"1\":0.1176470588235294101320249637865344993770122528076171875,\"5\":0.1176470588235294101320249637865344993770122528076171875}', '2025-08-11'),
(8, 1, 2, '{\"3\":0.88235294117647067313470188310020603239536285400390625,\"7\":0.82352941176470595419090159339248202741146087646484375,\"4\":0.8039215686274510108688673426513560116291046142578125,\"5\":0.6862745098039215729812667632359080016613006591796875,\"1\":0.4901960784313725838501341058872640132904052734375,\"6\":0.294117647058823539207850217280793003737926483154296875,\"9\":0.235294117647058820264049927573068998754024505615234375,\"2\":0.205882352941176460792149782719206996262073516845703125}', '2025-08-11'),
(9, 1, 3, '{\"6\":0.294117647058823539207850217280793003737926483154296875,\"9\":0.1764705882352941290758252534942585043609142303466796875,\"10\":0.05882352941176470506601248189326724968850612640380859375}', '2025-08-11'),
(10, 1, 1, '{\"3\":0.294117647058823539207850217280793003737926483154296875,\"5\":0.294117647058823539207850217280793003737926483154296875,\"7\":0.235294117647058820264049927573068998754024505615234375,\"8\":0.08823529411764706453791262674712925218045711517333984375}', '2025-08-11'),
(11, 1, 1, '{\"3\":0.294117647058823539207850217280793003737926483154296875,\"5\":0.294117647058823539207850217280793003737926483154296875,\"7\":0.235294117647058820264049927573068998754024505615234375,\"8\":0.08823529411764706453791262674712925218045711517333984375}', '2025-08-11'),
(12, 1, 1, '{\"3\":0.294117647058823539207850217280793003737926483154296875,\"5\":0.294117647058823539207850217280793003737926483154296875,\"7\":0.235294117647058820264049927573068998754024505615234375,\"8\":0.08823529411764706453791262674712925218045711517333984375}', '2025-08-11'),
(13, 1, 1, '{\"3\":0.294117647058823539207850217280793003737926483154296875,\"5\":0.294117647058823539207850217280793003737926483154296875,\"7\":0.235294117647058820264049927573068998754024505615234375,\"8\":0.08823529411764706453791262674712925218045711517333984375}', '2025-08-11'),
(14, 1, 1, '{\"4\":0}', '2025-08-11'),
(15, 1, 1, '{\"4\":0}', '2025-08-11'),
(16, 1, 1, '{\"3\":0.88235294117647067313470188310020603239536285400390625,\"5\":0.88235294117647067313470188310020603239536285400390625,\"7\":0.82352941176470595419090159339248202741146087646484375,\"4\":0.8039215686274510108688673426513560116291046142578125,\"8\":0.6764705882352941568314008691231720149517059326171875,\"1\":0.4901960784313725838501341058872640132904052734375,\"6\":0.4901960784313725838501341058872640132904052734375,\"10\":0.34313725490196078649063338161795400083065032958984375,\"2\":0.205882352941176460792149782719206996262073516845703125,\"9\":0.1764705882352941290758252534942585043609142303466796875}', '2025-08-11'),
(17, 1, 2, '{\"3\":0.1764705882352941290758252534942585043609142303466796875,\"7\":0.1176470588235294101320249637865344993770122528076171875}', '2025-08-11'),
(18, 1, 1, '{\"3\":0.88235294117647067313470188310020603239536285400390625,\"5\":0.88235294117647067313470188310020603239536285400390625,\"7\":0.82352941176470595419090159339248202741146087646484375,\"4\":0.8039215686274510108688673426513560116291046142578125,\"8\":0.6764705882352941568314008691231720149517059326171875,\"1\":0.4901960784313725838501341058872640132904052734375,\"6\":0.4901960784313725838501341058872640132904052734375,\"10\":0.34313725490196078649063338161795400083065032958984375,\"2\":0.205882352941176460792149782719206996262073516845703125,\"9\":0.1764705882352941290758252534942585043609142303466796875}', '2025-08-13'),
(19, 1, 1, '{\"3\":0.88235294117647067313470188310020603239536285400390625,\"5\":0.88235294117647067313470188310020603239536285400390625,\"7\":0.82352941176470595419090159339248202741146087646484375,\"4\":0.8039215686274510108688673426513560116291046142578125,\"8\":0.6764705882352941568314008691231720149517059326171875,\"1\":0.4901960784313725838501341058872640132904052734375,\"6\":0.4901960784313725838501341058872640132904052734375,\"10\":0.34313725490196078649063338161795400083065032958984375,\"2\":0.205882352941176460792149782719206996262073516845703125,\"9\":0.1764705882352941290758252534942585043609142303466796875}', '2025-08-14'),
(20, 1, 1, '{\"7\":0}', '2025-08-14'),
(21, 1, 1, '{\"5\":0.76470588235294123524710130368475802242755889892578125,\"7\":0.70588235294117651630330101397703401744365692138671875,\"4\":0.58823529411764707841570043456158600747585296630859375,\"6\":0.1764705882352941290758252534942585043609142303466796875}', '2025-08-14'),
(22, 1, 1, '{\"3\":0.88235294117647067313470188310020603239536285400390625,\"5\":0.88235294117647067313470188310020603239536285400390625,\"7\":0.82352941176470595419090159339248202741146087646484375,\"4\":0.8039215686274510108688673426513560116291046142578125,\"8\":0.6764705882352941568314008691231720149517059326171875,\"1\":0.4901960784313725838501341058872640132904052734375,\"6\":0.4901960784313725838501341058872640132904052734375,\"10\":0.34313725490196078649063338161795400083065032958984375,\"2\":0.205882352941176460792149782719206996262073516845703125,\"9\":0.1764705882352941290758252534942585043609142303466796875}', '2025-08-14'),
(23, 1, 1, '{\"3\":0.88235294117647067313470188310020603239536285400390625,\"5\":0.88235294117647067313470188310020603239536285400390625,\"7\":0.82352941176470595419090159339248202741146087646484375,\"4\":0.8039215686274510108688673426513560116291046142578125,\"8\":0.6764705882352941568314008691231720149517059326171875,\"1\":0.4901960784313725838501341058872640132904052734375,\"6\":0.4901960784313725838501341058872640132904052734375,\"10\":0.34313725490196078649063338161795400083065032958984375,\"2\":0.205882352941176460792149782719206996262073516845703125,\"9\":0.1764705882352941290758252534942585043609142303466796875}', '2025-08-15'),
(24, 1, 3, '{\"7\":0}', '2025-08-16'),
(25, 1, 1, '{\"3\":0.88235294117647067313470188310020603239536285400390625,\"5\":0.88235294117647067313470188310020603239536285400390625,\"7\":0.82352941176470595419090159339248202741146087646484375,\"4\":0.8039215686274510108688673426513560116291046142578125,\"8\":0.6764705882352941568314008691231720149517059326171875,\"1\":0.4901960784313725838501341058872640132904052734375,\"6\":0.4901960784313725838501341058872640132904052734375,\"10\":0.34313725490196078649063338161795400083065032958984375,\"2\":0.205882352941176460792149782719206996262073516845703125,\"9\":0.1764705882352941290758252534942585043609142303466796875}', '2025-08-17'),
(26, 1, 1, '{\"3\":0.294117647058823539207850217280793003737926483154296875,\"5\":0.294117647058823539207850217280793003737926483154296875,\"7\":0.235294117647058820264049927573068998754024505615234375,\"8\":0.08823529411764706453791262674712925218045711517333984375}', '2025-08-20'),
(27, 1, 1, '{\"3\":0.88235294117647067313470188310020603239536285400390625,\"5\":0.88235294117647067313470188310020603239536285400390625,\"7\":0.82352941176470595419090159339248202741146087646484375,\"4\":0.8039215686274510108688673426513560116291046142578125,\"8\":0.6764705882352941568314008691231720149517059326171875,\"1\":0.4901960784313725838501341058872640132904052734375,\"6\":0.4901960784313725838501341058872640132904052734375,\"10\":0.34313725490196078649063338161795400083065032958984375,\"2\":0.205882352941176460792149782719206996262073516845703125,\"9\":0.1764705882352941290758252534942585043609142303466796875}', '2025-08-20'),
(28, 1, 1, '{\"3\":0.294117647058823539207850217280793003737926483154296875,\"5\":0.294117647058823539207850217280793003737926483154296875,\"7\":0.235294117647058820264049927573068998754024505615234375,\"8\":0.08823529411764706453791262674712925218045711517333984375}', '2025-08-20'),
(29, 1, 1, '{\"3\":0.88235294117647067313470188310020603239536285400390625,\"5\":0.88235294117647067313470188310020603239536285400390625,\"7\":0.82352941176470595419090159339248202741146087646484375,\"8\":0.6764705882352941568314008691231720149517059326171875,\"10\":0.34313725490196078649063338161795400083065032958984375,\"2\":0.205882352941176460792149782719206996262073516845703125}', '2025-08-20'),
(30, 1, 1, '{\"3\":0.88235294117647067313470188310020603239536285400390625,\"5\":0.88235294117647067313470188310020603239536285400390625,\"7\":0.82352941176470595419090159339248202741146087646484375,\"8\":0.6764705882352941568314008691231720149517059326171875,\"10\":0.34313725490196078649063338161795400083065032958984375,\"2\":0.205882352941176460792149782719206996262073516845703125}', '2025-08-20'),
(31, 1, 1, '{\"3\":0.294117647058823539207850217280793003737926483154296875,\"5\":0.294117647058823539207850217280793003737926483154296875,\"7\":0.235294117647058820264049927573068998754024505615234375,\"8\":0.08823529411764706453791262674712925218045711517333984375}', '2025-08-20'),
(32, 1, 1, '{\"3\":0.88235294117647067313470188310020603239536285400390625,\"5\":0.88235294117647067313470188310020603239536285400390625,\"7\":0.82352941176470595419090159339248202741146087646484375,\"8\":0.6764705882352941568314008691231720149517059326171875,\"10\":0.34313725490196078649063338161795400083065032958984375,\"2\":0.205882352941176460792149782719206996262073516845703125}', '2025-08-20'),
(33, 1, 1, '{\"8\":0}', '2025-08-20'),
(34, 1, 1, '{\"8\":0}', '2025-08-20'),
(35, 1, 1, '{\"7\":0}', '2025-08-20'),
(36, 1, 1, '{\"3\":0.88235294117647067313470188310020603239536285400390625,\"5\":0.88235294117647067313470188310020603239536285400390625,\"7\":0.82352941176470595419090159339248202741146087646484375,\"4\":0.70588235294117651630330101397703401744365692138671875,\"1\":0.294117647058823539207850217280793003737926483154296875}', '2025-08-20'),
(37, 1, 1, '{\"3\":0.88235294117647067313470188310020603239536285400390625,\"5\":0.88235294117647067313470188310020603239536285400390625,\"7\":0.82352941176470595419090159339248202741146087646484375,\"4\":0.70588235294117651630330101397703401744365692138671875,\"1\":0.294117647058823539207850217280793003737926483154296875,\"6\":0.294117647058823539207850217280793003737926483154296875}', '2025-08-20'),
(38, 1, 1, '{\"3\":0.88235294117647067313470188310020603239536285400390625,\"5\":0.88235294117647067313470188310020603239536285400390625,\"7\":0.82352941176470595419090159339248202741146087646484375,\"4\":0.70588235294117651630330101397703401744365692138671875,\"1\":0.294117647058823539207850217280793003737926483154296875}', '2025-08-20'),
(39, 1, 1, '{\"3\":0.88235294117647067313470188310020603239536285400390625,\"5\":0.88235294117647067313470188310020603239536285400390625,\"7\":0.82352941176470595419090159339248202741146087646484375,\"4\":0.70588235294117651630330101397703401744365692138671875,\"1\":0.294117647058823539207850217280793003737926483154296875}', '2025-08-20'),
(40, 1, 1, '{\"3\":0.88235294117647067313470188310020603239536285400390625,\"5\":0.88235294117647067313470188310020603239536285400390625,\"7\":0.82352941176470595419090159339248202741146087646484375,\"4\":0.70588235294117651630330101397703401744365692138671875,\"1\":0.294117647058823539207850217280793003737926483154296875,\"6\":0.294117647058823539207850217280793003737926483154296875}', '2025-08-20'),
(41, 1, 1, '{\"3\":0.88235294117647067313470188310020603239536285400390625,\"5\":0.88235294117647067313470188310020603239536285400390625,\"7\":0.82352941176470595419090159339248202741146087646484375,\"4\":0.8039215686274510108688673426513560116291046142578125,\"8\":0.6764705882352941568314008691231720149517059326171875,\"1\":0.4901960784313725838501341058872640132904052734375,\"6\":0.4901960784313725838501341058872640132904052734375,\"10\":0.34313725490196078649063338161795400083065032958984375,\"2\":0.205882352941176460792149782719206996262073516845703125,\"9\":0.1764705882352941290758252534942585043609142303466796875}', '2025-08-20'),
(42, 1, 1, '{\"3\":0.88235294117647067313470188310020603239536285400390625,\"5\":0.88235294117647067313470188310020603239536285400390625,\"7\":0.82352941176470595419090159339248202741146087646484375,\"4\":0.8039215686274510108688673426513560116291046142578125,\"8\":0.6764705882352941568314008691231720149517059326171875,\"6\":0.4901960784313725838501341058872640132904052734375,\"9\":0.1764705882352941290758252534942585043609142303466796875}', '2025-08-20'),
(43, 1, 1, '{\"5\":0.88235294117647067313470188310020603239536285400390625,\"8\":0.58823529411764707841570043456158600747585296630859375,\"10\":0.05882352941176470506601248189326724968850612640380859375}', '2025-08-20'),
(44, 1, 2, '{\"3\":0.1764705882352941290758252534942585043609142303466796875,\"7\":0.1176470588235294101320249637865344993770122528076171875}', '2025-08-20'),
(45, 1, 1, '{\"3\":0.88235294117647067313470188310020603239536285400390625,\"5\":0.88235294117647067313470188310020603239536285400390625,\"7\":0.82352941176470595419090159339248202741146087646484375,\"4\":0.8039215686274510108688673426513560116291046142578125,\"8\":0.6764705882352941568314008691231720149517059326171875,\"1\":0.4901960784313725838501341058872640132904052734375,\"6\":0.4901960784313725838501341058872640132904052734375,\"10\":0.34313725490196078649063338161795400083065032958984375,\"2\":0.205882352941176460792149782719206996262073516845703125,\"9\":0.1764705882352941290758252534942585043609142303466796875}', '2025-08-20'),
(46, 1, 1, '{\"3\":0.294117647058823539207850217280793003737926483154296875,\"5\":0.294117647058823539207850217280793003737926483154296875,\"7\":0.235294117647058820264049927573068998754024505615234375,\"8\":0.08823529411764706453791262674712925218045711517333984375}', '2025-08-20'),
(47, 1, 1, '{\"3\":0.88235294117647067313470188310020603239536285400390625,\"5\":0.88235294117647067313470188310020603239536285400390625,\"7\":0.82352941176470595419090159339248202741146087646484375,\"4\":0.8039215686274510108688673426513560116291046142578125,\"8\":0.6764705882352941568314008691231720149517059326171875,\"1\":0.4901960784313725838501341058872640132904052734375,\"6\":0.4901960784313725838501341058872640132904052734375,\"9\":0.1764705882352941290758252534942585043609142303466796875}', '2025-08-20'),
(48, 1, 1, '{\"3\":0.88235294117647067313470188310020603239536285400390625,\"5\":0.88235294117647067313470188310020603239536285400390625,\"7\":0.82352941176470595419090159339248202741146087646484375,\"4\":0.8039215686274510108688673426513560116291046142578125,\"8\":0.6764705882352941568314008691231720149517059326171875,\"1\":0.4901960784313725838501341058872640132904052734375,\"10\":0.34313725490196078649063338161795400083065032958984375,\"2\":0.205882352941176460792149782719206996262073516845703125}', '2025-08-20'),
(49, 1, 1, '{\"3\":0.294117647058823539207850217280793003737926483154296875,\"5\":0.294117647058823539207850217280793003737926483154296875,\"7\":0.235294117647058820264049927573068998754024505615234375,\"8\":0.08823529411764706453791262674712925218045711517333984375}', '2025-08-20'),
(50, 2, 4, '{\"5\":0.88235294117647067313470188310020603239536285400390625,\"7\":0.82352941176470595419090159339248202741146087646484375,\"4\":0.8039215686274510108688673426513560116291046142578125,\"3\":0.6862745098039215729812667632359080016613006591796875,\"1\":0.4901960784313725838501341058872640132904052734375,\"6\":0.4901960784313725838501341058872640132904052734375,\"2\":0.205882352941176460792149782719206996262073516845703125}', '2025-08-20'),
(51, 2, 4, '{\"5\":0.88235294117647067313470188310020603239536285400390625,\"7\":0.82352941176470595419090159339248202741146087646484375,\"4\":0.8039215686274510108688673426513560116291046142578125,\"3\":0.6862745098039215729812667632359080016613006591796875,\"8\":0.6764705882352941568314008691231720149517059326171875,\"1\":0.4901960784313725838501341058872640132904052734375,\"6\":0.4901960784313725838501341058872640132904052734375,\"9\":0.372549019607843145962533526471816003322601318359375,\"10\":0.34313725490196078649063338161795400083065032958984375,\"2\":0.205882352941176460792149782719206996262073516845703125}', '2025-08-20'),
(52, 1, 1, '{\"3\":0.88235294117647067313470188310020603239536285400390625,\"5\":0.88235294117647067313470188310020603239536285400390625,\"7\":0.82352941176470595419090159339248202741146087646484375,\"4\":0.8039215686274510108688673426513560116291046142578125,\"8\":0.6764705882352941568314008691231720149517059326171875,\"1\":0.4901960784313725838501341058872640132904052734375,\"6\":0.4901960784313725838501341058872640132904052734375,\"10\":0.34313725490196078649063338161795400083065032958984375,\"2\":0.205882352941176460792149782719206996262073516845703125,\"9\":0.1764705882352941290758252534942585043609142303466796875}', '2025-08-22'),
(53, 1, 1, '{\"8\":0}', '2025-08-22'),
(54, 1, 1, '{\"4\":0}', '2025-08-22'),
(55, 1, 1, '{\"3\":0}', '2025-08-22'),
(56, 1, 1, '{\"5\":0}', '2025-08-22'),
(57, 1, 1, '{\"3\":0.1499999999999999944488848768742172978818416595458984375,\"5\":0.1000000000000000055511151231257827021181583404541015625}', '2025-08-23'),
(58, 1, 1, '{\"4\":0.25,\"17\":0.1499999999999999944488848768742172978818416595458984375,\"19\":0.1499999999999999944488848768742172978818416595458984375,\"14\":0.1000000000000000055511151231257827021181583404541015625,\"16\":0.1000000000000000055511151231257827021181583404541015625,\"18\":0.1000000000000000055511151231257827021181583404541015625,\"22\":0}', '2025-08-23'),
(59, 1, 1, '{\"5\":0.92499999999999993338661852249060757458209991455078125,\"3\":0.90000000000000002220446049250313080847263336181640625,\"4\":0.8333333333333332593184650249895639717578887939453125,\"14\":0.75833333333333319270508354748017154633998870849609375,\"18\":0.75833333333333319270508354748017154633998870849609375,\"16\":0.75833333333333319270508354748017154633998870849609375,\"19\":0.73333333333333328152292551749269478023052215576171875,\"17\":0.73333333333333328152292551749269478023052215576171875,\"7\":0.70000000000000006661338147750939242541790008544921875,\"8\":0.6999999999999999555910790149937383830547332763671875,\"22\":0.6583333333333332149095440399833023548126220703125,\"13\":0.633333333333333303727386009995825588703155517578125,\"1\":0.5666666666666666518636930049979127943515777587890625,\"6\":0.54166666666666662965923251249478198587894439697265625,\"20\":0.48333333333333328152292551749269478023052215576171875,\"21\":0.48333333333333328152292551749269478023052215576171875,\"15\":0.458333333333333314829616256247390992939472198486328125,\"10\":0.366666666666666640761462758746347390115261077880859375,\"9\":0.325000000000000011102230246251565404236316680908203125,\"2\":0.27500000000000002220446049250313080847263336181640625}', '2025-08-23'),
(60, 1, 1, '{\"5\":0.92499999999999993338661852249060757458209991455078125,\"3\":0.90000000000000002220446049250313080847263336181640625,\"4\":0.8333333333333332593184650249895639717578887939453125,\"14\":0.75833333333333319270508354748017154633998870849609375,\"18\":0.75833333333333319270508354748017154633998870849609375,\"16\":0.75833333333333319270508354748017154633998870849609375,\"19\":0.73333333333333328152292551749269478023052215576171875,\"17\":0.73333333333333328152292551749269478023052215576171875,\"7\":0.70000000000000006661338147750939242541790008544921875,\"8\":0.6999999999999999555910790149937383830547332763671875,\"22\":0.6583333333333332149095440399833023548126220703125,\"13\":0.633333333333333303727386009995825588703155517578125,\"1\":0.5666666666666666518636930049979127943515777587890625,\"6\":0.54166666666666662965923251249478198587894439697265625,\"20\":0.48333333333333328152292551749269478023052215576171875,\"21\":0.48333333333333328152292551749269478023052215576171875,\"15\":0.458333333333333314829616256247390992939472198486328125,\"10\":0.366666666666666640761462758746347390115261077880859375,\"9\":0.325000000000000011102230246251565404236316680908203125,\"2\":0.27500000000000002220446049250313080847263336181640625}', '2025-08-23'),
(61, 1, 1, '{\"3\":0.65000000000000002220446049250313080847263336181640625,\"5\":0.59999999999999997779553950749686919152736663818359375,\"4\":0.5833333333333332593184650249895639717578887939453125,\"17\":0.48333333333333328152292551749269478023052215576171875,\"19\":0.48333333333333328152292551749269478023052215576171875,\"14\":0.4333333333333333481363069950020872056484222412109375,\"16\":0.4333333333333333481363069950020872056484222412109375,\"18\":0.4333333333333333481363069950020872056484222412109375,\"22\":0.333333333333333314829616256247390992939472198486328125,\"1\":0.3166666666666666518636930049979127943515777587890625,\"6\":0.21666666666666667406815349750104360282421112060546875,\"9\":0}', '2025-08-23'),
(62, 1, 1, '{\"7\":0.59999999999999997779553950749686919152736663818359375,\"20\":0,\"21\":0}', '2025-08-23'),
(63, 1, 1, '{\"5\":0.92499999999999993338661852249060757458209991455078125,\"3\":0.90000000000000002220446049250313080847263336181640625,\"4\":0.8333333333333332593184650249895639717578887939453125,\"14\":0.75833333333333319270508354748017154633998870849609375,\"18\":0.75833333333333319270508354748017154633998870849609375,\"16\":0.75833333333333319270508354748017154633998870849609375,\"19\":0.73333333333333328152292551749269478023052215576171875,\"17\":0.73333333333333328152292551749269478023052215576171875,\"7\":0.70000000000000006661338147750939242541790008544921875,\"8\":0.6999999999999999555910790149937383830547332763671875,\"22\":0.6583333333333332149095440399833023548126220703125,\"13\":0.633333333333333303727386009995825588703155517578125,\"1\":0.5666666666666666518636930049979127943515777587890625,\"6\":0.54166666666666662965923251249478198587894439697265625,\"20\":0.48333333333333328152292551749269478023052215576171875,\"21\":0.48333333333333328152292551749269478023052215576171875,\"15\":0.458333333333333314829616256247390992939472198486328125,\"10\":0.366666666666666640761462758746347390115261077880859375,\"9\":0.325000000000000011102230246251565404236316680908203125,\"2\":0.27500000000000002220446049250313080847263336181640625}', '2025-08-23'),
(64, 1, 1, '{\"3\":0.5,\"4\":0.34999999999999997779553950749686919152736663818359375,\"17\":0.25,\"19\":0.25,\"1\":0}', '2025-08-23'),
(65, 1, 1, '{\"4\":0.34999999999999997779553950749686919152736663818359375,\"17\":0.25,\"19\":0.25,\"20\":0,\"21\":0}', '2025-08-23'),
(66, 1, 4, '{\"5\":0.92499999999999993338661852249060757458209991455078125,\"4\":0.8333333333333332593184650249895639717578887939453125,\"14\":0.75833333333333319270508354748017154633998870849609375,\"18\":0.75833333333333319270508354748017154633998870849609375,\"16\":0.75833333333333319270508354748017154633998870849609375,\"3\":0.73333333333333328152292551749269478023052215576171875,\"19\":0.73333333333333328152292551749269478023052215576171875,\"17\":0.73333333333333328152292551749269478023052215576171875,\"7\":0.70000000000000006661338147750939242541790008544921875,\"8\":0.6999999999999999555910790149937383830547332763671875,\"22\":0.6583333333333332149095440399833023548126220703125,\"13\":0.633333333333333303727386009995825588703155517578125,\"1\":0.5666666666666666518636930049979127943515777587890625,\"6\":0.54166666666666662965923251249478198587894439697265625,\"9\":0.491666666666666640761462758746347390115261077880859375,\"20\":0.48333333333333328152292551749269478023052215576171875,\"15\":0.458333333333333314829616256247390992939472198486328125,\"10\":0.366666666666666640761462758746347390115261077880859375,\"21\":0.3166666666666666518636930049979127943515777587890625,\"2\":0.27500000000000002220446049250313080847263336181640625}', '2025-08-23'),
(67, 2, 3, '{\"6\":0.875,\"9\":0.8249999999999999555910790149937383830547332763671875,\"16\":0.75833333333333319270508354748017154633998870849609375,\"18\":0.75833333333333319270508354748017154633998870849609375,\"14\":0.75833333333333319270508354748017154633998870849609375,\"3\":0.73333333333333328152292551749269478023052215576171875,\"10\":0.6999999999999999555910790149937383830547332763671875,\"4\":0.66666666666666662965923251249478198587894439697265625,\"5\":0.59166666666666667406815349750104360282421112060546875,\"1\":0.5666666666666666518636930049979127943515777587890625,\"19\":0.5666666666666666518636930049979127943515777587890625,\"17\":0.5666666666666666518636930049979127943515777587890625,\"20\":0.48333333333333328152292551749269478023052215576171875,\"13\":0.46666666666666667406815349750104360282421112060546875,\"2\":0.4416666666666666518636930049979127943515777587890625,\"8\":0.366666666666666640761462758746347390115261077880859375,\"22\":0.325000000000000011102230246251565404236316680908203125,\"15\":0.29166666666666662965923251249478198587894439697265625,\"7\":0.200000000000000011102230246251565404236316680908203125,\"21\":0.1499999999999999944488848768742172978818416595458984375}', '2025-08-23'),
(68, 1, 1, '{\"5\":0.92499999999999993338661852249060757458209991455078125,\"3\":0.90000000000000002220446049250313080847263336181640625,\"4\":0.8333333333333332593184650249895639717578887939453125,\"14\":0.75833333333333319270508354748017154633998870849609375,\"18\":0.75833333333333319270508354748017154633998870849609375,\"16\":0.75833333333333319270508354748017154633998870849609375,\"19\":0.73333333333333328152292551749269478023052215576171875,\"17\":0.73333333333333328152292551749269478023052215576171875,\"7\":0.70000000000000006661338147750939242541790008544921875,\"8\":0.6999999999999999555910790149937383830547332763671875,\"22\":0.6583333333333332149095440399833023548126220703125,\"13\":0.633333333333333303727386009995825588703155517578125,\"1\":0.5666666666666666518636930049979127943515777587890625,\"6\":0.54166666666666662965923251249478198587894439697265625,\"20\":0.48333333333333328152292551749269478023052215576171875,\"21\":0.48333333333333328152292551749269478023052215576171875,\"15\":0.458333333333333314829616256247390992939472198486328125,\"10\":0.366666666666666640761462758746347390115261077880859375,\"9\":0.325000000000000011102230246251565404236316680908203125,\"2\":0.27500000000000002220446049250313080847263336181640625}', '2025-08-24'),
(69, 1, 1, '{\"5\":0.92499999999999993338661852249060757458209991455078125,\"3\":0.90000000000000002220446049250313080847263336181640625,\"4\":0.8333333333333332593184650249895639717578887939453125,\"14\":0.75833333333333319270508354748017154633998870849609375,\"18\":0.75833333333333319270508354748017154633998870849609375,\"16\":0.75833333333333319270508354748017154633998870849609375,\"19\":0.73333333333333328152292551749269478023052215576171875,\"17\":0.73333333333333328152292551749269478023052215576171875,\"7\":0.70000000000000006661338147750939242541790008544921875,\"8\":0.6999999999999999555910790149937383830547332763671875,\"22\":0.6583333333333332149095440399833023548126220703125,\"13\":0.633333333333333303727386009995825588703155517578125,\"1\":0.5666666666666666518636930049979127943515777587890625,\"6\":0.54166666666666662965923251249478198587894439697265625,\"20\":0.48333333333333328152292551749269478023052215576171875,\"21\":0.48333333333333328152292551749269478023052215576171875,\"15\":0.458333333333333314829616256247390992939472198486328125,\"10\":0.366666666666666640761462758746347390115261077880859375,\"9\":0.325000000000000011102230246251565404236316680908203125,\"2\":0.27500000000000002220446049250313080847263336181640625}', '2025-08-31'),
(70, 1, 4, '{\"5\":0.92499999999999993338661852249060757458209991455078125,\"4\":0.8333333333333332593184650249895639717578887939453125,\"14\":0.75833333333333319270508354748017154633998870849609375,\"18\":0.75833333333333319270508354748017154633998870849609375,\"16\":0.75833333333333319270508354748017154633998870849609375,\"3\":0.73333333333333328152292551749269478023052215576171875,\"19\":0.73333333333333328152292551749269478023052215576171875,\"17\":0.73333333333333328152292551749269478023052215576171875,\"7\":0.70000000000000006661338147750939242541790008544921875,\"8\":0.6999999999999999555910790149937383830547332763671875,\"22\":0.6583333333333332149095440399833023548126220703125,\"13\":0.633333333333333303727386009995825588703155517578125,\"1\":0.5666666666666666518636930049979127943515777587890625,\"6\":0.54166666666666662965923251249478198587894439697265625,\"9\":0.491666666666666640761462758746347390115261077880859375,\"20\":0.48333333333333328152292551749269478023052215576171875,\"15\":0.458333333333333314829616256247390992939472198486328125,\"10\":0.366666666666666640761462758746347390115261077880859375,\"21\":0.3166666666666666518636930049979127943515777587890625,\"2\":0.27500000000000002220446049250313080847263336181640625}', '2025-09-05'),
(71, 1, 3, '{\"6\":0.875,\"9\":0.8249999999999999555910790149937383830547332763671875,\"16\":0.75833333333333319270508354748017154633998870849609375,\"18\":0.75833333333333319270508354748017154633998870849609375,\"14\":0.75833333333333319270508354748017154633998870849609375,\"3\":0.73333333333333328152292551749269478023052215576171875,\"10\":0.6999999999999999555910790149937383830547332763671875,\"4\":0.66666666666666662965923251249478198587894439697265625,\"5\":0.59166666666666667406815349750104360282421112060546875,\"1\":0.5666666666666666518636930049979127943515777587890625,\"19\":0.5666666666666666518636930049979127943515777587890625,\"17\":0.5666666666666666518636930049979127943515777587890625,\"20\":0.48333333333333328152292551749269478023052215576171875,\"13\":0.46666666666666667406815349750104360282421112060546875,\"2\":0.4416666666666666518636930049979127943515777587890625,\"8\":0.366666666666666640761462758746347390115261077880859375,\"22\":0.325000000000000011102230246251565404236316680908203125,\"15\":0.29166666666666662965923251249478198587894439697265625,\"7\":0.200000000000000011102230246251565404236316680908203125,\"21\":0.1499999999999999944488848768742172978818416595458984375}', '2025-09-05');

-- --------------------------------------------------------

--
-- Table structure for table `tb_users`
--

CREATE TABLE `tb_users` (
  `id_users` int(11) NOT NULL,
  `nama` varchar(50) NOT NULL,
  `email` varchar(50) DEFAULT NULL,
  `username` varchar(20) DEFAULT NULL,
  `password` varchar(255) DEFAULT NULL,
  `picture` varchar(255) DEFAULT NULL,
  `token` text,
  `tokenExpire` text,
  `level` enum('admin','users') DEFAULT NULL,
  `status` enum('0','1') NOT NULL,
  `created` timestamp NULL DEFAULT CURRENT_TIMESTAMP,
  `modified` timestamp NULL DEFAULT CURRENT_TIMESTAMP ON UPDATE CURRENT_TIMESTAMP
) ENGINE=InnoDB DEFAULT CHARSET=latin1;

--
-- Dumping data for table `tb_users`
--

INSERT INTO `tb_users` (`id_users`, `nama`, `email`, `username`, `password`, `picture`, `token`, `tokenExpire`, `level`, `status`, `created`, `modified`) VALUES
(1, 'Putri Aprilya Utami', 'putriaprilyaputri@gmail.com', 'admin', '$2y$10$CR9Pd9ALwRZ4J610leCea.1S6QNrv6aYARP9zp7TdvMNNyz.ZVCc6', NULL, 'SMVyGX4vuat9fBAgRxJ3Kh6lYQqbCD1E', '1578184269', 'admin', '1', '2020-01-02 05:23:40', '2025-08-09 08:01:28'),
(16119534, 'Sekar', 'anugrahskrdiva22@gmail.com', 'Sekar', '$2y$10$OgnhF7lvPr0TdJgrh1U3Ue53Zr.afdmz/8od2q5nw6.NYVul6Mbb6', NULL, NULL, NULL, 'users', '0', '2025-08-23 14:14:14', '2025-09-11 12:36:33'),
(29647266, 'Iphaa', 'nurfaidahmutmainna@gmail.com', 'iphaa03_', '$2y$10$ySqogRzFOs0LA8HyJmxeSezLr6BfEjhrxB0vk0SgKkfCL/HjG3WRq', NULL, NULL, NULL, 'users', '0', '2025-08-23 14:29:17', '2025-09-11 12:36:46'),
(52258953, 'arly', 'arliarianti8@gmail.com', 'arly', '$2y$10$MVeqQelCL3H1atHaH7QAsuJWi5pWbxShAbra0XESrosPmurZ/glsS', NULL, NULL, NULL, 'users', '1', '2025-08-20 14:41:48', '2025-08-20 14:41:48'),
(72880042, 'Putri Aprilya Utami', 'putriaprilyaputri@gmail.com', 'putri', '$2y$10$8N4SXySr50wJIaLw5xF8p.2gEZF9HfSeIc/3CSX3e5dYZXXGrqZBO', NULL, NULL, NULL, 'users', '1', '2025-08-09 07:36:28', '2025-08-09 07:36:28'),
(83785815, 'ASRID JAYA KIRANI', 'astridjayakirani07@gmail.com', 'Astrid', '$2y$10$y9sSYbsoEKzy4wq8GelHBOFaXC/42rxgfVMYAy5pd/zUuH/578Aai', NULL, NULL, NULL, 'users', '1', '2025-08-23 14:16:27', '2025-08-23 14:16:27');

--
-- Indexes for dumped tables
--

--
-- Indexes for table `tb_alternatif`
--
ALTER TABLE `tb_alternatif`
  ADD PRIMARY KEY (`id_alternatif`);

--
-- Indexes for table `tb_evaluasi`
--
ALTER TABLE `tb_evaluasi`
  ADD PRIMARY KEY (`id_evaluasi`),
  ADD KEY `id_kriteria` (`id_kriteria`),
  ADD KEY `id_alternatif` (`id_alternatif`),
  ADD KEY `id_jenis_kulit` (`id_jenis_kulit`);

--
-- Indexes for table `tb_jenis_kulit`
--
ALTER TABLE `tb_jenis_kulit`
  ADD PRIMARY KEY (`id_jenis_kulit`);

--
-- Indexes for table `tb_kriteria`
--
ALTER TABLE `tb_kriteria`
  ADD PRIMARY KEY (`id_kriteria`);

--
-- Indexes for table `tb_kriteria_sub`
--
ALTER TABLE `tb_kriteria_sub`
  ADD PRIMARY KEY (`id_kriteria_sub`),
  ADD KEY `id_kriteria` (`id_kriteria`);

--
-- Indexes for table `tb_member`
--
ALTER TABLE `tb_member`
  ADD PRIMARY KEY (`id_member`),
  ADD KEY `member_to_users` (`id_users`);

--
-- Indexes for table `tb_riwayat`
--
ALTER TABLE `tb_riwayat`
  ADD PRIMARY KEY (`id_riwayat`);

--
-- Indexes for table `tb_users`
--
ALTER TABLE `tb_users`
  ADD PRIMARY KEY (`id_users`);

--
-- AUTO_INCREMENT for dumped tables
--

--
-- AUTO_INCREMENT for table `tb_alternatif`
--
ALTER TABLE `tb_alternatif`
  MODIFY `id_alternatif` int(11) NOT NULL AUTO_INCREMENT, AUTO_INCREMENT=23;

--
-- AUTO_INCREMENT for table `tb_evaluasi`
--
ALTER TABLE `tb_evaluasi`
  MODIFY `id_evaluasi` int(11) NOT NULL AUTO_INCREMENT, AUTO_INCREMENT=405;

--
-- AUTO_INCREMENT for table `tb_jenis_kulit`
--
ALTER TABLE `tb_jenis_kulit`
  MODIFY `id_jenis_kulit` int(11) NOT NULL AUTO_INCREMENT, AUTO_INCREMENT=8;

--
-- AUTO_INCREMENT for table `tb_kriteria`
--
ALTER TABLE `tb_kriteria`
  MODIFY `id_kriteria` int(11) NOT NULL AUTO_INCREMENT, AUTO_INCREMENT=5;

--
-- AUTO_INCREMENT for table `tb_kriteria_sub`
--
ALTER TABLE `tb_kriteria_sub`
  MODIFY `id_kriteria_sub` int(11) NOT NULL AUTO_INCREMENT, AUTO_INCREMENT=14;

--
-- AUTO_INCREMENT for table `tb_member`
--
ALTER TABLE `tb_member`
  MODIFY `id_member` int(11) NOT NULL AUTO_INCREMENT, AUTO_INCREMENT=6;

--
-- AUTO_INCREMENT for table `tb_riwayat`
--
ALTER TABLE `tb_riwayat`
  MODIFY `id_riwayat` int(11) NOT NULL AUTO_INCREMENT, AUTO_INCREMENT=72;

--
-- AUTO_INCREMENT for table `tb_users`
--
ALTER TABLE `tb_users`
  MODIFY `id_users` int(11) NOT NULL AUTO_INCREMENT, AUTO_INCREMENT=89319015;

--
-- Constraints for dumped tables
--

--
-- Constraints for table `tb_evaluasi`
--
ALTER TABLE `tb_evaluasi`
  ADD CONSTRAINT `evaluasi_to_alternatif` FOREIGN KEY (`id_alternatif`) REFERENCES `tb_alternatif` (`id_alternatif`) ON DELETE CASCADE,
  ADD CONSTRAINT `evaluasi_to_kriteria` FOREIGN KEY (`id_kriteria`) REFERENCES `tb_kriteria` (`id_kriteria`) ON DELETE CASCADE;

--
-- Constraints for table `tb_kriteria_sub`
--
ALTER TABLE `tb_kriteria_sub`
  ADD CONSTRAINT `sub_kriteria_to_kritera` FOREIGN KEY (`id_kriteria`) REFERENCES `tb_kriteria` (`id_kriteria`) ON DELETE CASCADE;

--
-- Constraints for table `tb_member`
--
ALTER TABLE `tb_member`
  ADD CONSTRAINT `member_to_users` FOREIGN KEY (`id_users`) REFERENCES `tb_users` (`id_users`) ON DELETE CASCADE;
COMMIT;

/*!40101 SET CHARACTER_SET_CLIENT=@OLD_CHARACTER_SET_CLIENT */;
/*!40101 SET CHARACTER_SET_RESULTS=@OLD_CHARACTER_SET_RESULTS */;
/*!40101 SET COLLATION_CONNECTION=@OLD_COLLATION_CONNECTION */;
